<?xml version="1.0" encoding="UTF-8"?>
<keywords>
   <keywords>
      <text FeatureID="-1">positioning methods</text>
      <target FeatureID="-1" href="LOC_HLP_SETTINGS.html">Positioning settings</target>
   </keywords>
   <keywords>
      <text FeatureID="-1">positioning server</text>
      <target FeatureID="-1" href="LOC_HLP_SETTINGS.html">Positioning settings</target>
   </keywords>
   <keywords>
      <text FeatureID="-1">notation preferences</text>
      <target FeatureID="-1" href="LOC_HLP_SETTINGS.html">Positioning settings</target>
   </keywords>
</keywords>